{
  "data" : [
    {
      "name" : "Real Estate Questions",
      "turns" : [
        {
          "user" : "hi name",
          "entities" : [
            {
              "entity" : "contact",
              "value" : "\"name\"",
              "start" : 3,
              "end" : 7
            },
            {
              "entity" : "contact",
              "value" : "\"name\"",
              "start" : 3,
              "end" : 7
            }
          ],
          "operations" : [
            {
              "action" : "template-hello {name}"
            }
          ]
        },
        {
          "user" : "What all amenities do you have?",
          "entities" : [ ],
          "operations" : [
            {
              "action" : "template- Clubhouse, swimming pool, amphitheater, gymnasium, garden, power backups for elevators etc. "
            }
          ]
        },
        {
          "user" : "What are the areas of 1BHK and 2BHK Flats?",
          "entities" : [ ],
          "operations" : [
            {
              "action" : "template- 1 BHK is 560 sq ft and 2 BHK is 950 Sq Ft. "
            }
          ]
        },
        {
          "user" : "What are the rates?",
          "entities" : [ ],
          "operations" : [
            {
              "action" : "template- 1 BHK will be 28 Lakh (all inclusive) and 2BHK 46 Lakh (all inclusive)\n"
            }
          ]
        },
        {
          "user" : "When will we get the possession?",
          "entities" : [ ],
          "operations" : [
            {
              "action" : "template-Flats are ready possession flats."
            }
          ]
        },
        {
          "user" : "Do you have bank finance facility available?",
          "entities" : [ ],
          "operations" : [
            {
              "action" : "template- Yes, you can get the home-loan assistance from HDFC, AXIS and SBI.\n "
            }
          ]
        },
        {
          "user" : "Will you provide the services to do the site visit?",
          "entities" : [ ],
          "operations" : [
            {
              "action" : "template- Our executives will assist you to locate the project. Although we do not provide pick and drop assistance. "
            }
          ]
        },
        {
          "user" : "When can I see the site?",
          "entities" : [ ],
          "operations" : [
            {
              "action" : "template- Sir, please let us know your convenient timings and we will book your site-visit accordingly.\n "
            }
          ]
        },
        {
          "user" : "What is wheather in Pune?",
          "entities" : [
            {
              "entity" : "temperature",
              "value" : "\"wheather\"",
              "start" : 8,
              "end" : 16
            }
          ],
          "operations" : [
            {
              "action" : "function-getForecast"
            },
            {
              "branches" : [
                {
                  "predicates" : [
                    {
                      "name" : "forecast",
                      "negative" : false
                    }
                  ],
                  "operations" : [
                    {
                      "action" : "template-Wheather Forecast will be {forecast}"
                    }
                  ],
                  "turns" : [
                    {
                      "user" : "Where is the project location?",
                      "entities" : [
                        {
                          "entity" : "location",
                          "value" : "\"location\"",
                          "start" : 21,
                          "end" : 29
                        }
                      ],
                      "operations" : [
                        {
                          "action" : "template-{ location} NIBM Annexe, Undri-Pisoli Road"
                        }
                      ]
                    }
                  ]
                }
              ]
            }
          ]
        }
      ]
    }
  ]
}